<edmx:Edmx xmlns:edmx="http://schemas.microsoft.com/ado/2007/06/edmx"
	xmlns:m="http://schemas.microsoft.com/ado/2007/08/dataservices/metadata" xmlns:sap="http://www.sap.com/Protocols/SAPData" Version="1.0">
	<edmx:DataServices m:DataServiceVersion="2.0">
		<Schema xmlns="http://schemas.microsoft.com/ado/2008/09/edm" Namespace="ZGBC_FLEET_TRANSFER_SRV" xml:lang="en" sap:schema-version="1">
			<EntityType Name="EmployeeVehicleDetails" sap:content-version="1">
				<Key><PropertyRef Name="Pernr"/><PropertyRef Name="VehicleKey"/></Key><Property Name="Pernr" Type="Edm.String" Nullable="false" MaxLength="8" sap:unicode="false" sap:label="Personnel No." sap:creatable="false"
					sap:updatable="false" sap:sortable="false" sap:filterable="false"/><Property Name="NameEn" Type="Edm.String" Nullable="false" MaxLength="30" sap:unicode="false" sap:label="Name 1" sap:creatable="false"
					sap:updatable="false" sap:sortable="false" sap:filterable="false"/><Property Name="NameAr" Type="Edm.String" Nullable="false" MaxLength="30" sap:unicode="false" sap:label="Name 1" sap:creatable="false"
					sap:updatable="false" sap:sortable="false" sap:filterable="false"/><Property Name="EmpSubgroup" Type="Edm.String" Nullable="false" MaxLength="10" sap:unicode="false" sap:label="Emp Subgroup"
					sap:creatable="false" sap:updatable="false" sap:sortable="false" sap:filterable="false"/><Property Name="EmpSubgroupDesc" Type="Edm.String" Nullable="false" MaxLength="50" sap:unicode="false" sap:label="Emp Subgroup Desc"
					sap:creatable="false" sap:updatable="false" sap:sortable="false" sap:filterable="false"/><Property Name="Plate" Type="Edm.String" Nullable="false" MaxLength="18" sap:unicode="false" sap:label="Plate No" sap:creatable="false"
					sap:updatable="false" sap:sortable="false" sap:filterable="false"/><Property Name="VehicleKey" Type="Edm.String" Nullable="false" MaxLength="10" sap:unicode="false" sap:label="Vehicle" sap:creatable="false"
					sap:updatable="false" sap:sortable="false" sap:filterable="false"/><Property Name="VehicleName" Type="Edm.String" Nullable="false" MaxLength="30" sap:unicode="false" sap:label="Vehicle Name"
					sap:creatable="false" sap:updatable="false" sap:sortable="false" sap:filterable="false"/><Property Name="CurrSalesLocation" Type="Edm.String" Nullable="false" MaxLength="10" sap:unicode="false" sap:label="Sales Location"
					sap:creatable="false" sap:updatable="false" sap:sortable="false" sap:filterable="false"/><Property Name="CurrSalesLocationTxt" Type="Edm.String" Nullable="false" MaxLength="20" sap:unicode="false" sap:label="Sales Location Dec"
					sap:creatable="false" sap:updatable="false" sap:sortable="false" sap:filterable="false"/><Property Name="CurrCostCenter" Type="Edm.String" Nullable="false" MaxLength="10" sap:unicode="false" sap:label="Cost Center"
					sap:creatable="false" sap:updatable="false" sap:sortable="false" sap:filterable="false"/><Property Name="CurrCostCenterTxt" Type="Edm.String" Nullable="false" MaxLength="30" sap:unicode="false" sap:label="Cost Center Text"
					sap:creatable="false" sap:updatable="false" sap:sortable="false" sap:filterable="false"/><Property Name="CurrLocation" Type="Edm.String" Nullable="false" MaxLength="12" sap:unicode="false" sap:label="Partner"
					sap:creatable="false" sap:updatable="false" sap:sortable="false" sap:filterable="false"/><Property Name="CurrLocationTxt" Type="Edm.String" Nullable="false" MaxLength="73" sap:unicode="false" sap:label="Txt" sap:creatable="false"
					sap:updatable="false" sap:sortable="false" sap:filterable="false"/><Property Name="CurrMaintPlant" Type="Edm.String" Nullable="false" MaxLength="4" sap:unicode="false" sap:label="Plant" sap:creatable="false"
					sap:updatable="false" sap:sortable="false" sap:filterable="false"/><Property Name="CurrMaintPlantTxt" Type="Edm.String" Nullable="false" MaxLength="40" sap:unicode="false" sap:label="Plant Name"
					sap:creatable="false" sap:updatable="false" sap:sortable="false" sap:filterable="false"/></EntityType>
			<EntityType Name="TransferLocationDetails" sap:content-version="1">
				<Key><PropertyRef Name="TranPlant"/><PropertyRef Name="TranLocation"/></Key><Property Name="TranPlant" Type="Edm.String" Nullable="false" MaxLength="4" sap:unicode="false" sap:label="TranPlant" sap:creatable="false"
					sap:updatable="false" sap:sortable="false" sap:filterable="false"/><Property Name="TranPlantTxt" Type="Edm.String" Nullable="false" MaxLength="20" sap:unicode="false" sap:label="TranPlantTxt"
					sap:creatable="false" sap:updatable="false" sap:sortable="false" sap:filterable="false"/><Property Name="TranCostCenter" Type="Edm.String" Nullable="false" MaxLength="10" sap:unicode="false" sap:label="Cost Center"
					sap:creatable="false" sap:updatable="false" sap:sortable="false" sap:filterable="false"/><Property Name="TranCostCenterTxt" Type="Edm.String" Nullable="false" MaxLength="30" sap:unicode="false" sap:label="Cost Center Text"
					sap:creatable="false" sap:updatable="false" sap:sortable="false" sap:filterable="false"/><Property Name="TranLocation" Type="Edm.String" Nullable="false" MaxLength="12" sap:unicode="false" sap:label="Partner"
					sap:creatable="false" sap:updatable="false" sap:sortable="false" sap:filterable="false"/><Property Name="TranLocationTxt" Type="Edm.String" Nullable="false" MaxLength="73" sap:unicode="false" sap:label="Txt" sap:creatable="false"
					sap:updatable="false" sap:sortable="false" sap:filterable="false"/><Property Name="TranMaintPlant" Type="Edm.String" Nullable="false" MaxLength="4" sap:unicode="false" sap:label="Plant" sap:creatable="false"
					sap:updatable="false" sap:sortable="false" sap:filterable="false"/><Property Name="TranMaintPlantTxt" Type="Edm.String" Nullable="false" MaxLength="40" sap:unicode="false" sap:label="Plant Name"
					sap:creatable="false" sap:updatable="false" sap:sortable="false" sap:filterable="false"/></EntityType>
			<EntityType Name="SOTReqDocuments" sap:content-version="1">
				<Key><PropertyRef Name="RequestId"/><PropertyRef Name="DocType"/></Key><Property Name="Mandt" Type="Edm.String" Nullable="false" MaxLength="3" sap:unicode="false" sap:label="Client" sap:creatable="false"
					sap:updatable="false" sap:sortable="false" sap:filterable="false"/><Property Name="RequestId" Type="Edm.String" Nullable="false" MaxLength="12" sap:unicode="false" sap:label="Req Id" sap:creatable="false"
					sap:updatable="false" sap:sortable="false" sap:filterable="false"/><Property Name="DocType" Type="Edm.String" Nullable="false" MaxLength="4" sap:unicode="false" sap:label="Fleet Document Type"
					sap:creatable="false" sap:updatable="false" sap:sortable="false" sap:filterable="false"/><Property Name="Content" Type="Edm.String" Nullable="false" sap:unicode="false" sap:label="CONTENT" sap:creatable="false"
					sap:updatable="false" sap:sortable="false" sap:filterable="false"/><Property Name="Filename" Type="Edm.String" Nullable="false" MaxLength="200" sap:unicode="false" sap:label="Text" sap:creatable="false"
					sap:updatable="false" sap:sortable="false" sap:filterable="false"/><Property Name="Filetype" Type="Edm.String" Nullable="false" MaxLength="200" sap:unicode="false" sap:label="Text" sap:creatable="false"
					sap:updatable="false" sap:sortable="false" sap:filterable="false"/><Property Name="Zdate" Type="Edm.DateTime" Nullable="false" Precision="7" sap:unicode="false" sap:label="Date" sap:creatable="false"
					sap:updatable="false" sap:sortable="false" sap:filterable="false"/><Property Name="Ztime" Type="Edm.Time" Nullable="false" Precision="0" sap:unicode="false" sap:label="Time" sap:creatable="false"
					sap:updatable="false" sap:sortable="false" sap:filterable="false"/><Property Name="Zuser" Type="Edm.String" Nullable="false" MaxLength="12" sap:unicode="false" sap:label="User Name" sap:creatable="false"
					sap:updatable="false" sap:sortable="false" sap:filterable="false"/><Property Name="AwsFileName" Type="Edm.String" Nullable="false" MaxLength="200" sap:unicode="false" sap:label="Text" sap:creatable="false"
					sap:updatable="false" sap:sortable="false" sap:filterable="false"/><Property Name="AwsFilePath" Type="Edm.String" Nullable="false" MaxLength="200" sap:unicode="false" sap:label="Text" sap:creatable="false"
					sap:updatable="false" sap:sortable="false" sap:filterable="false"/><Property Name="FleetId" Type="Edm.String" Nullable="false" MaxLength="18" sap:unicode="false" sap:label="Equipment" sap:creatable="false"
					sap:updatable="false" sap:sortable="false" sap:filterable="false"/></EntityType>
			<EntityType Name="SOTChecklistPost" sap:content-version="1">
				<Key><PropertyRef Name="Zrecord"/></Key><Property Name="Zchecklistby" Type="Edm.String" Nullable="false" MaxLength="10" sap:unicode="false" sap:label="check list By"
					sap:creatable="false" sap:updatable="false" sap:sortable="false" sap:filterable="false"/><Property Name="Zrecord" Type="Edm.String" Nullable="false" MaxLength="12" sap:unicode="false" sap:label="HR clearance Record"
					sap:creatable="false" sap:updatable="false" sap:sortable="false" sap:filterable="false"/><Property Name="Zjack" Type="Edm.String" Nullable="false" MaxLength="10" sap:unicode="false" sap:label="Jack" sap:creatable="false"
					sap:updatable="false" sap:sortable="false" sap:filterable="false"/><Property Name="Zjackhandle" Type="Edm.String" Nullable="false" MaxLength="10" sap:unicode="false" sap:label="Jack handle"
					sap:creatable="false" sap:updatable="false" sap:sortable="false" sap:filterable="false"/><Property Name="Zsparetype" Type="Edm.String" Nullable="false" MaxLength="10" sap:unicode="false" sap:label="Spare tyre"
					sap:creatable="false" sap:updatable="false" sap:sortable="false" sap:filterable="false"/><Property Name="Ztriangle" Type="Edm.String" Nullable="false" MaxLength="10" sap:unicode="false" sap:label="Triangle" sap:creatable="false"
					sap:updatable="false" sap:sortable="false" sap:filterable="false"/><Property Name="Zwheelspanner" Type="Edm.String" Nullable="false" MaxLength="10" sap:unicode="false" sap:label="Wheel Spanner"
					sap:creatable="false" sap:updatable="false" sap:sortable="false" sap:filterable="false"/><Property Name="Zfireextinguisher" Type="Edm.String" Nullable="false" MaxLength="10" sap:unicode="false" sap:label="Fire Extinguisher"
					sap:creatable="false" sap:updatable="false" sap:sortable="false" sap:filterable="false"/><Property Name="Zairpipe" Type="Edm.String" Nullable="false" MaxLength="10" sap:unicode="false" sap:label="Air Pipe" sap:creatable="false"
					sap:updatable="false" sap:sortable="false" sap:filterable="false"/><Property Name="Zradio" Type="Edm.String" Nullable="false" MaxLength="10" sap:unicode="false" sap:label="Radio" sap:creatable="false"
					sap:updatable="false" sap:sortable="false" sap:filterable="false"/><Property Name="Zfuelcap" Type="Edm.String" Nullable="false" MaxLength="10" sap:unicode="false" sap:label="Fuel Cap" sap:creatable="false"
					sap:updatable="false" sap:sortable="false" sap:filterable="false"/><Property Name="Zairscoop" Type="Edm.String" Nullable="false" MaxLength="10" sap:unicode="false" sap:label="Air Scoop" sap:creatable="false"
					sap:updatable="false" sap:sortable="false" sap:filterable="false"/><Property Name="Zwindscreenscratch" Type="Edm.String" Nullable="false" MaxLength="10" sap:unicode="false" sap:label="Wind Screen Scratch"
					sap:creatable="false" sap:updatable="false" sap:sortable="false" sap:filterable="false"/><Property Name="Ztireconditions" Type="Edm.String" Nullable="false" MaxLength="10" sap:unicode="false" sap:label="Tire condition front"
					sap:creatable="false" sap:updatable="false" sap:sortable="false" sap:filterable="false"/><Property Name="Zlightconditions" Type="Edm.String" Nullable="false" MaxLength="10" sap:unicode="false" sap:label="Light Conditions"
					sap:creatable="false" sap:updatable="false" sap:sortable="false" sap:filterable="false"/><Property Name="Zbodyscratch" Type="Edm.String" Nullable="false" MaxLength="10" sap:unicode="false" sap:label="Body Scratch"
					sap:creatable="false" sap:updatable="false" sap:sortable="false" sap:filterable="false"/><Property Name="Zmirrorrearview" Type="Edm.String" Nullable="false" MaxLength="10" sap:unicode="false" sap:label="Mirror Rearview"
					sap:creatable="false" sap:updatable="false" sap:sortable="false" sap:filterable="false"/><Property Name="Zindication" Type="Edm.String" Nullable="false" MaxLength="10" sap:unicode="false" sap:label="Indication"
					sap:creatable="false" sap:updatable="false" sap:sortable="false" sap:filterable="false"/><Property Name="Ztaillight" Type="Edm.String" Nullable="false" MaxLength="10" sap:unicode="false" sap:label="Tail Light"
					sap:creatable="false" sap:updatable="false" sap:sortable="false" sap:filterable="false"/><Property Name="Zsidelight" Type="Edm.String" Nullable="false" MaxLength="10" sap:unicode="false" sap:label="Side Light"
					sap:creatable="false" sap:updatable="false" sap:sortable="false" sap:filterable="false"/><Property Name="Znumberplate" Type="Edm.String" Nullable="false" MaxLength="10" sap:unicode="false" sap:label="Number Plate"
					sap:creatable="false" sap:updatable="false" sap:sortable="false" sap:filterable="false"/><Property Name="Zprotectionbars" Type="Edm.String" Nullable="false" MaxLength="10" sap:unicode="false" sap:label="Protection Bars"
					sap:creatable="false" sap:updatable="false" sap:sortable="false" sap:filterable="false"/><Property Name="Zistimarah" Type="Edm.String" Nullable="false" MaxLength="10" sap:unicode="false" sap:label="Istimarah"
					sap:creatable="false" sap:updatable="false" sap:sortable="false" sap:filterable="false"/><Property Name="Zfahssticker" Type="Edm.String" Nullable="false" MaxLength="10" sap:unicode="false" sap:label="FAHS Sticker"
					sap:creatable="false" sap:updatable="false" sap:sortable="false" sap:filterable="false"/><Property Name="Zmotcards" Type="Edm.String" Nullable="false" MaxLength="10" sap:unicode="false" sap:label="Mot Cards" sap:creatable="false"
					sap:updatable="false" sap:sortable="false" sap:filterable="false"/><Property Name="Zbrandingquality" Type="Edm.String" Nullable="false" MaxLength="10" sap:unicode="false" sap:label="Branding Quality"
					sap:creatable="false" sap:updatable="false" sap:sortable="false" sap:filterable="false"/><Property Name="Zremarks" Type="Edm.String" Nullable="false" MaxLength="255" sap:unicode="false" sap:label="Remarks" sap:creatable="false"
					sap:updatable="false" sap:sortable="false" sap:filterable="false"/><Property Name="Zbreakdown" Type="Edm.String" Nullable="false" MaxLength="10" sap:unicode="false" sap:label="Break Down"
					sap:creatable="false" sap:updatable="false" sap:sortable="false" sap:filterable="false"/><Property Name="Zaccident" Type="Edm.String" Nullable="false" MaxLength="10" sap:unicode="false" sap:label="Accident" sap:creatable="false"
					sap:updatable="false" sap:sortable="false" sap:filterable="false"/><Property Name="Zperiodicinspection" Type="Edm.String" Nullable="false" MaxLength="10" sap:unicode="false" sap:label="Periodic Inspection"
					sap:creatable="false" sap:updatable="false" sap:sortable="false" sap:filterable="false"/><Property Name="Zposted" Type="Edm.String" Nullable="false" MaxLength="1" sap:unicode="false" sap:label="Single-Character Flag"
					sap:creatable="false" sap:updatable="false" sap:sortable="false" sap:filterable="false"/><Property Name="Zerror" Type="Edm.String" Nullable="false" MaxLength="1" sap:unicode="false" sap:label="Single-Character Flag"
					sap:creatable="false" sap:updatable="false" sap:sortable="false" sap:filterable="false"/><Property Name="Zvehicleid" Type="Edm.String" Nullable="false" MaxLength="18" sap:unicode="false" sap:label="Equipment"
					sap:creatable="false" sap:updatable="false" sap:sortable="false" sap:filterable="false"/><Property Name="Ztirecondback" Type="Edm.String" Nullable="false" MaxLength="10" sap:unicode="false" sap:label="Tire Conditions Back"
					sap:creatable="false" sap:updatable="false" sap:sortable="false" sap:filterable="false"/></EntityType>
			<EntityType Name="SOTVehicleSearch" sap:content-version="1">
				<Key><PropertyRef Name="VechileID"/></Key><Property Name="VechileID" Type="Edm.String" Nullable="false" MaxLength="18" sap:unicode="false" sap:label="VechileID" sap:creatable="false"
					sap:updatable="false" sap:sortable="false" sap:filterable="false"/><Property Name="VechilePlate" Type="Edm.String" Nullable="false" MaxLength="18" sap:unicode="false" sap:label="VechilePlate"
					sap:creatable="false" sap:updatable="false" sap:sortable="false" sap:filterable="false"/></EntityType>
			<EntityType Name="SOTSendApproval" sap:content-version="1">
				<Key><PropertyRef Name="Pernr"/><PropertyRef Name="RequestId"/><PropertyRef Name="VehicleId"/></Key><Property Name="Mandt" Type="Edm.String" Nullable="false" MaxLength="3" sap:unicode="false" sap:label="Client" sap:creatable="false"
					sap:updatable="false" sap:sortable="false" sap:filterable="false"/><Property Name="VehicleSoffLoc" Type="Edm.String" Nullable="false" MaxLength="4" sap:unicode="false" sap:label="Sales Office"
					sap:creatable="false" sap:updatable="false" sap:sortable="false" sap:filterable="false"/><Property Name="Pernr" Type="Edm.String" Nullable="false" MaxLength="8" sap:unicode="false" sap:label="Personnel No." sap:creatable="false"
					sap:updatable="false" sap:sortable="false" sap:filterable="false"/><Property Name="VehicleSoffLocDesc" Type="Edm.String" Nullable="false" MaxLength="20" sap:unicode="false" sap:label="Description"
					sap:creatable="false" sap:updatable="false" sap:sortable="false" sap:filterable="false"/><Property Name="Channel" Type="Edm.String" Nullable="false" MaxLength="10" sap:unicode="false" sap:label="Character Field Length = 10"
					sap:creatable="false" sap:updatable="false" sap:sortable="false" sap:filterable="false"/><Property Name="RequestId" Type="Edm.String" Nullable="false" MaxLength="12" sap:unicode="false" sap:label="Req Id" sap:creatable="false"
					sap:updatable="false" sap:sortable="false" sap:filterable="false"/><Property Name="CreatedBy" Type="Edm.String" Nullable="false" MaxLength="12" sap:unicode="false" sap:label="User Name" sap:creatable="false"
					sap:updatable="false" sap:sortable="false" sap:filterable="false"/><Property Name="WorkitemId" Type="Edm.String" Nullable="false" MaxLength="12" sap:unicode="false" sap:label="Work Item ID"
					sap:creatable="false" sap:updatable="false" sap:sortable="false" sap:filterable="false"/><Property Name="CreatedOn" Type="Edm.String" Nullable="false" MaxLength="10" sap:unicode="false" sap:label="Created on"
					sap:creatable="false" sap:updatable="false" sap:sortable="false" sap:filterable="false"/><Property Name="CurrentStatus" Type="Edm.String" Nullable="false" MaxLength="1" sap:unicode="false" sap:label="HR Clearance status"
					sap:creatable="false" sap:updatable="false" sap:sortable="false" sap:filterable="false"/><Property Name="CreatedOntime" Type="Edm.String" Nullable="false" MaxLength="8" sap:unicode="false" sap:label="Time" sap:creatable="false"
					sap:updatable="false" sap:sortable="false" sap:filterable="false"/><Property Name="TeanVehicleSoffLoc" Type="Edm.String" Nullable="false" MaxLength="4" sap:unicode="false" sap:label="Sales Office"
					sap:creatable="false" sap:updatable="false" sap:sortable="false" sap:filterable="false"/><Property Name="TranVehicleSoffLocDesc" Type="Edm.String" Nullable="false" MaxLength="20" sap:unicode="false" sap:label="Description"
					sap:creatable="false" sap:updatable="false" sap:sortable="false" sap:filterable="false"/><Property Name="VehicleId" Type="Edm.String" Nullable="false" MaxLength="18" sap:unicode="false" sap:label="Field length 18"
					sap:creatable="false" sap:updatable="false" sap:sortable="false" sap:filterable="false"/><Property Name="VehicleText" Type="Edm.String" Nullable="false" MaxLength="30" sap:unicode="false" sap:label="30 Characters"
					sap:creatable="false" sap:updatable="false" sap:sortable="false" sap:filterable="false"/><Property Name="VehicleNo" Type="Edm.String" Nullable="false" MaxLength="18" sap:unicode="false" sap:label="VehicleNo" sap:creatable="false"
					sap:updatable="false" sap:sortable="false" sap:filterable="false"/><Property Name="VehicleLoc" Type="Edm.String" Nullable="false" MaxLength="50" sap:unicode="false" sap:label="VehicleLoc"
					sap:creatable="false" sap:updatable="false" sap:sortable="false" sap:filterable="false"/><Property Name="VehiclePlant" Type="Edm.String" Nullable="false" MaxLength="50" sap:unicode="false" sap:label="VehiclePlant"
					sap:creatable="false" sap:updatable="false" sap:sortable="false" sap:filterable="false"/><Property Name="VehicleLocId" Type="Edm.String" Nullable="false" MaxLength="10" sap:unicode="false" sap:label="Location"
					sap:creatable="false" sap:updatable="false" sap:sortable="false" sap:filterable="false"/><Property Name="VehicleCc" Type="Edm.String" Nullable="false" MaxLength="100" sap:unicode="false" sap:label="Character 100"
					sap:creatable="false" sap:updatable="false" sap:sortable="false" sap:filterable="false"/><Property Name="VehicleVendor" Type="Edm.String" Nullable="false" MaxLength="30" sap:unicode="false" sap:label="VehicleVendor"
					sap:creatable="false" sap:updatable="false" sap:sortable="false" sap:filterable="false"/><Property Name="TranVehicleLocId" Type="Edm.String" Nullable="false" MaxLength="10" sap:unicode="false" sap:label="Location"
					sap:creatable="false" sap:updatable="false" sap:sortable="false" sap:filterable="false"/><Property Name="TranVehicleLoc" Type="Edm.String" Nullable="false" MaxLength="50" sap:unicode="false" sap:label="TranVehicleLoc"
					sap:creatable="false" sap:updatable="false" sap:sortable="false" sap:filterable="false"/><Property Name="TranVehiclePlantId" Type="Edm.String" Nullable="false" MaxLength="4" sap:unicode="false" sap:label="MaintPlant"
					sap:creatable="false" sap:updatable="false" sap:sortable="false" sap:filterable="false"/><Property Name="TranVehiclePlant" Type="Edm.String" Nullable="false" MaxLength="50" sap:unicode="false" sap:label="TranVehiclePlant"
					sap:creatable="false" sap:updatable="false" sap:sortable="false" sap:filterable="false"/><Property Name="TranVehicleCcId" Type="Edm.String" Nullable="false" MaxLength="10" sap:unicode="false" sap:label="Cost Center"
					sap:creatable="false" sap:updatable="false" sap:sortable="false" sap:filterable="false"/><Property Name="TranVehicleCc" Type="Edm.String" Nullable="false" MaxLength="100" sap:unicode="false" sap:label="Character 100"
					sap:creatable="false" sap:updatable="false" sap:sortable="false" sap:filterable="false"/></EntityType>
			<EntityType Name="WorkItem" sap:content-version="1">
				<Key><PropertyRef Name="WorkitemId"/></Key><Property Name="WorkitemId" Type="Edm.String" Nullable="false" MaxLength="12" sap:unicode="false" sap:label="Work Item ID"
					sap:creatable="false" sap:updatable="false" sap:sortable="false" sap:filterable="false"/><Property Name="TaskId" Type="Edm.String" Nullable="false" MaxLength="14" sap:unicode="false" sap:label="Text" sap:creatable="false"
					sap:updatable="false" sap:sortable="false" sap:filterable="false"/><Property Name="ApprovalLvl" Type="Edm.String" Nullable="false" MaxLength="3" sap:unicode="false" sap:label="AppLvl" sap:creatable="false"
					sap:updatable="false" sap:sortable="false" sap:filterable="false"/></EntityType>
			<EntityContainer Name="ZGBC_FLEET_TRANSFER_SRV_Entities" m:IsDefaultEntityContainer="true" sap:supported-formats="atom json xlsx"><EntitySet Name="EmployeeVehicleDetailsSet" EntityType="ZGBC_FLEET_TRANSFER_SRV.EmployeeVehicleDetails" sap:creatable="false"
				sap:updatable="false" sap:deletable="false" sap:pageable="false" sap:addressable="false" sap:content-version="1"/><EntitySet Name="TransferLocationDetailsSet" EntityType="ZGBC_FLEET_TRANSFER_SRV.TransferLocationDetails" sap:creatable="false"
				sap:updatable="false" sap:deletable="false" sap:pageable="false" sap:addressable="false" sap:content-version="1"/><EntitySet Name="SOTReqDocumentsSet" EntityType="ZGBC_FLEET_TRANSFER_SRV.SOTReqDocuments" sap:creatable="false" sap:updatable="false"
				sap:deletable="false" sap:pageable="false" sap:addressable="false" sap:content-version="1"/><EntitySet Name="SOTChecklistPostSet" EntityType="ZGBC_FLEET_TRANSFER_SRV.SOTChecklistPost" sap:creatable="false" sap:updatable="false"
				sap:deletable="false" sap:pageable="false" sap:addressable="false" sap:content-version="1"/><EntitySet Name="SOTVehicleSearchSet" EntityType="ZGBC_FLEET_TRANSFER_SRV.SOTVehicleSearch" sap:creatable="false" sap:updatable="false"
				sap:deletable="false" sap:pageable="false" sap:addressable="false" sap:content-version="1"/><EntitySet Name="SOTSendApprovalSet" EntityType="ZGBC_FLEET_TRANSFER_SRV.SOTSendApproval" sap:creatable="false" sap:updatable="false"
				sap:deletable="false" sap:pageable="false" sap:addressable="false" sap:content-version="1"/><EntitySet Name="WorkItemSet" EntityType="ZGBC_FLEET_TRANSFER_SRV.WorkItem" sap:creatable="false" sap:updatable="false"
				sap:deletable="false" sap:pageable="false" sap:addressable="false" sap:content-version="1"/></EntityContainer><atom:link xmlns:atom="http://www.w3.org/2005/Atom" rel="self" href="./sap/ZGBC_FLEET_TRANSFER_SRV/$metadata"/><atom:link xmlns:atom="http://www.w3.org/2005/Atom" rel="latest-version" href="./sap/ZGBC_FLEET_TRANSFER_SRV/$metadata"/></Schema>
	</edmx:DataServices>
</edmx:Edmx>