<edmx:Edmx xmlns:edmx="http://schemas.microsoft.com/ado/2007/06/edmx"
	xmlns:m="http://schemas.microsoft.com/ado/2007/08/dataservices/metadata" xmlns:sap="http://www.sap.com/Protocols/SAPData" Version="1.0">
	<edmx:DataServices m:DataServiceVersion="2.0">
		<Schema xmlns="http://schemas.microsoft.com/ado/2008/09/edm" Namespace="ZGBC_FLEET_RETURN_SRV" xml:lang="en" sap:schema-version="1">
			<EntityType Name="empDetails" sap:content-version="1">
				<Key><PropertyRef Name="empId"/></Key><Property Name="empId" Type="Edm.String" Nullable="false" MaxLength="6" sap:unicode="false" sap:creatable="false" sap:updatable="false"
					sap:sortable="false" sap:filterable="false"/><Property Name="empName" Type="Edm.String" Nullable="false" MaxLength="45" sap:unicode="false" sap:creatable="false" sap:updatable="false"
					sap:sortable="false" sap:filterable="false"/><Property Name="Equnr" Type="Edm.String" Nullable="false" MaxLength="18" sap:unicode="false" sap:creatable="false" sap:updatable="false"
					sap:sortable="false" sap:filterable="false"/><Property Name="EquDescr" Type="Edm.String" Nullable="false" MaxLength="40" sap:unicode="false" sap:creatable="false" sap:updatable="false"
					sap:sortable="false" sap:filterable="false"/><Property Name="Plate" Type="Edm.String" Nullable="false" MaxLength="18" sap:unicode="false" sap:creatable="false" sap:updatable="false"
					sap:sortable="false" sap:filterable="false"/></EntityType>
			<EntityType Name="transferCreate" sap:content-version="1">
				<Key><PropertyRef Name="Ztransferor"/></Key><Property Name="Ztransferor" Type="Edm.String" Nullable="false" MaxLength="8" sap:unicode="false" sap:label="Transferor"
					sap:creatable="false" sap:updatable="false" sap:sortable="false" sap:filterable="false"/><Property Name="Zequnr" Type="Edm.String" Nullable="false" MaxLength="18" sap:unicode="false" sap:label="Equipment" sap:creatable="false"
					sap:updatable="false" sap:sortable="false" sap:filterable="false"/><Property Name="Ztransferee" Type="Edm.String" Nullable="false" MaxLength="8" sap:unicode="false" sap:label="Transferee"
					sap:creatable="false" sap:updatable="false" sap:sortable="false" sap:filterable="false"/><Property Name="Ztype" Type="Edm.String" Nullable="false" MaxLength="1" sap:unicode="false" sap:label="Transfer type" sap:creatable="false"
					sap:updatable="false" sap:sortable="false" sap:filterable="false"/><Property Name="Zvehicletype" Type="Edm.String" Nullable="false" MaxLength="1" sap:unicode="false" sap:label="Vehicle Type"
					sap:creatable="false" sap:updatable="false" sap:sortable="false" sap:filterable="false"/><Property Name="Zduplicate" Type="Edm.String" Nullable="false" MaxLength="1" sap:unicode="false" sap:label="Duplicate" sap:creatable="false"
					sap:updatable="false" sap:sortable="false" sap:filterable="false"/><Property Name="Zrecord" Type="Edm.String" Nullable="false" MaxLength="9" sap:unicode="false" sap:label="Zrecord" sap:creatable="false"
					sap:updatable="false" sap:sortable="false" sap:filterable="false"/><Property Name="Zissuetype" Type="Edm.String" Nullable="false" MaxLength="2" sap:unicode="false" sap:label="zissuetype"
					sap:creatable="false" sap:updatable="false" sap:sortable="false" sap:filterable="false"/><Property Name="ZPlate" Type="Edm.String" Nullable="false" MaxLength="18" sap:unicode="false" sap:label="plate" sap:creatable="false"
					sap:updatable="false" sap:sortable="false" sap:filterable="false"/></EntityType>
			<EntityType Name="checkListPost" sap:content-version="1">
				<Key><PropertyRef Name="Zrecord"/></Key><Property Name="Zrecord" Type="Edm.String" Nullable="false" MaxLength="9" sap:unicode="false" sap:label="HR clearance Record"
					sap:creatable="false" sap:updatable="false" sap:sortable="false" sap:filterable="false"/><Property Name="Zchecklistby" Type="Edm.String" Nullable="false" MaxLength="10" sap:unicode="false" sap:label="check list By"
					sap:creatable="false" sap:updatable="false" sap:sortable="false" sap:filterable="false"/><Property Name="Zjack" Type="Edm.String" Nullable="false" MaxLength="10" sap:unicode="false" sap:label="Jack" sap:creatable="false"
					sap:updatable="false" sap:sortable="false" sap:filterable="false"/><Property Name="Zjackhandle" Type="Edm.String" Nullable="false" MaxLength="10" sap:unicode="false" sap:label="Jack handle"
					sap:creatable="false" sap:updatable="false" sap:sortable="false" sap:filterable="false"/><Property Name="Zsparetype" Type="Edm.String" Nullable="false" MaxLength="10" sap:unicode="false" sap:label="Spare tyre"
					sap:creatable="false" sap:updatable="false" sap:sortable="false" sap:filterable="false"/><Property Name="Ztriangle" Type="Edm.String" Nullable="false" MaxLength="10" sap:unicode="false" sap:label="Triangle" sap:creatable="false"
					sap:updatable="false" sap:sortable="false" sap:filterable="false"/><Property Name="Zwheelspanner" Type="Edm.String" Nullable="false" MaxLength="10" sap:unicode="false" sap:label="Wheel Spanner"
					sap:creatable="false" sap:updatable="false" sap:sortable="false" sap:filterable="false"/><Property Name="Zfireextinguisher" Type="Edm.String" Nullable="false" MaxLength="10" sap:unicode="false" sap:label="Fire Extinguisher"
					sap:creatable="false" sap:updatable="false" sap:sortable="false" sap:filterable="false"/><Property Name="Zairpipe" Type="Edm.String" Nullable="false" MaxLength="10" sap:unicode="false" sap:label="Air Pipe" sap:creatable="false"
					sap:updatable="false" sap:sortable="false" sap:filterable="false"/><Property Name="Zradio" Type="Edm.String" Nullable="false" MaxLength="10" sap:unicode="false" sap:label="Radio" sap:creatable="false"
					sap:updatable="false" sap:sortable="false" sap:filterable="false"/><Property Name="Zfuelcap" Type="Edm.String" Nullable="false" MaxLength="10" sap:unicode="false" sap:label="Fuel Cap" sap:creatable="false"
					sap:updatable="false" sap:sortable="false" sap:filterable="false"/><Property Name="Zairscoop" Type="Edm.String" Nullable="false" MaxLength="10" sap:unicode="false" sap:label="Air Scoop" sap:creatable="false"
					sap:updatable="false" sap:sortable="false" sap:filterable="false"/><Property Name="Zwindscreenscratch" Type="Edm.String" Nullable="false" MaxLength="10" sap:unicode="false" sap:label="Wind Screen Scratch"
					sap:creatable="false" sap:updatable="false" sap:sortable="false" sap:filterable="false"/><Property Name="Ztireconditions" Type="Edm.String" Nullable="false" MaxLength="10" sap:unicode="false" sap:label="Tire condition front"
					sap:creatable="false" sap:updatable="false" sap:sortable="false" sap:filterable="false"/><Property Name="Zlightconditions" Type="Edm.String" Nullable="false" MaxLength="10" sap:unicode="false" sap:label="Light Conditions"
					sap:creatable="false" sap:updatable="false" sap:sortable="false" sap:filterable="false"/><Property Name="Zbodyscratch" Type="Edm.String" Nullable="false" MaxLength="10" sap:unicode="false" sap:label="Body Scratch"
					sap:creatable="false" sap:updatable="false" sap:sortable="false" sap:filterable="false"/><Property Name="Zmirrorrearview" Type="Edm.String" Nullable="false" MaxLength="10" sap:unicode="false" sap:label="Mirror Rearview"
					sap:creatable="false" sap:updatable="false" sap:sortable="false" sap:filterable="false"/><Property Name="Zindication" Type="Edm.String" Nullable="false" MaxLength="10" sap:unicode="false" sap:label="Indication"
					sap:creatable="false" sap:updatable="false" sap:sortable="false" sap:filterable="false"/><Property Name="Ztaillight" Type="Edm.String" Nullable="false" MaxLength="10" sap:unicode="false" sap:label="Tail Light"
					sap:creatable="false" sap:updatable="false" sap:sortable="false" sap:filterable="false"/><Property Name="Zsidelight" Type="Edm.String" Nullable="false" MaxLength="10" sap:unicode="false" sap:label="Side Light"
					sap:creatable="false" sap:updatable="false" sap:sortable="false" sap:filterable="false"/><Property Name="Znumberplate" Type="Edm.String" Nullable="false" MaxLength="10" sap:unicode="false" sap:label="Number Plate"
					sap:creatable="false" sap:updatable="false" sap:sortable="false" sap:filterable="false"/><Property Name="Zprotectionbars" Type="Edm.String" Nullable="false" MaxLength="10" sap:unicode="false" sap:label="Protection Bars"
					sap:creatable="false" sap:updatable="false" sap:sortable="false" sap:filterable="false"/><Property Name="Zistimarah" Type="Edm.String" Nullable="false" MaxLength="10" sap:unicode="false" sap:label="Istimarah"
					sap:creatable="false" sap:updatable="false" sap:sortable="false" sap:filterable="false"/><Property Name="Zfahssticker" Type="Edm.String" Nullable="false" MaxLength="10" sap:unicode="false" sap:label="FAHS Sticker"
					sap:creatable="false" sap:updatable="false" sap:sortable="false" sap:filterable="false"/><Property Name="Zmotcards" Type="Edm.String" Nullable="false" MaxLength="10" sap:unicode="false" sap:label="Mot Cards" sap:creatable="false"
					sap:updatable="false" sap:sortable="false" sap:filterable="false"/><Property Name="Zbrandingquality" Type="Edm.String" Nullable="false" MaxLength="10" sap:unicode="false" sap:label="Branding Quality"
					sap:creatable="false" sap:updatable="false" sap:sortable="false" sap:filterable="false"/><Property Name="Zremarks" Type="Edm.String" Nullable="false" MaxLength="255" sap:unicode="false" sap:label="Remarks" sap:creatable="false"
					sap:updatable="false" sap:sortable="false" sap:filterable="false"/><Property Name="Zbreakdown" Type="Edm.String" Nullable="false" MaxLength="10" sap:unicode="false" sap:label="Break Down"
					sap:creatable="false" sap:updatable="false" sap:sortable="false" sap:filterable="false"/><Property Name="Zaccident" Type="Edm.String" Nullable="false" MaxLength="10" sap:unicode="false" sap:label="Accident" sap:creatable="false"
					sap:updatable="false" sap:sortable="false" sap:filterable="false"/><Property Name="Zperiodicinspection" Type="Edm.String" Nullable="false" MaxLength="10" sap:unicode="false" sap:label="Periodic Inspection"
					sap:creatable="false" sap:updatable="false" sap:sortable="false" sap:filterable="false"/><Property Name="Zposted" Type="Edm.String" Nullable="false" MaxLength="1" sap:unicode="false" sap:label="Single-Character Flag"
					sap:creatable="false" sap:updatable="false" sap:sortable="false" sap:filterable="false"/><Property Name="Zerror" Type="Edm.String" Nullable="false" MaxLength="1" sap:unicode="false" sap:label="Single-Character Flag"
					sap:creatable="false" sap:updatable="false" sap:sortable="false" sap:filterable="false"/><Property Name="Zvehicleid" Type="Edm.String" Nullable="false" MaxLength="18" sap:unicode="false" sap:label="Equipment"
					sap:creatable="false" sap:updatable="false" sap:sortable="false" sap:filterable="false"/><Property Name="Ztirecondback" Type="Edm.String" Nullable="false" MaxLength="10" sap:unicode="false" sap:label="Tire Conditions Back"
					sap:creatable="false" sap:updatable="false" sap:sortable="false" sap:filterable="false"/><Property Name="ZfirstAid" Type="Edm.String" Nullable="false" MaxLength="10" sap:unicode="false" sap:label="First Aid Kit"
					sap:creatable="false" sap:updatable="false" sap:sortable="false" sap:filterable="false"/><Property Name="ZboxBrand" Type="Edm.String" Nullable="false" MaxLength="10" sap:unicode="false" sap:label="Box Branding Condition"
					sap:creatable="false" sap:updatable="false" sap:sortable="false" sap:filterable="false"/><Property Name="ZcabinBrand" Type="Edm.String" Nullable="false" MaxLength="10" sap:unicode="false" sap:label="Cabin Branding Condition"
					sap:creatable="false" sap:updatable="false" sap:sortable="false" sap:filterable="false"/><Property Name="ZbacksideBrand" Type="Edm.String" Nullable="false" MaxLength="10" sap:unicode="false"
					sap:label="Backside Branding Condition" sap:creatable="false" sap:updatable="false" sap:sortable="false" sap:filterable="false"/><Property Name="ZtruckCond" Type="Edm.String" Nullable="false" MaxLength="10" sap:unicode="false" sap:label="Truck Condition"
					sap:creatable="false" sap:updatable="false" sap:sortable="false" sap:filterable="false"/><Property Name="ZCabinCond" Type="Edm.String" Nullable="false" MaxLength="10" sap:unicode="false" sap:label="Cabin Condition"
					sap:creatable="false" sap:updatable="false" sap:sortable="false" sap:filterable="false"/></EntityType>
			<EntityType Name="UpdateDigitialSign" sap:content-version="1">
				<Key><PropertyRef Name="Zrecord"/></Key><Property Name="Zrecord" Type="Edm.String" Nullable="false" MaxLength="9" sap:unicode="false" sap:creatable="false" sap:updatable="false"
					sap:sortable="false" sap:filterable="false"/><Property Name="Status" Type="Edm.String" Nullable="false" MaxLength="1" sap:unicode="false" sap:creatable="false" sap:updatable="false"
					sap:sortable="false" sap:filterable="false"/><Property Name="User" Type="Edm.String" Nullable="false" MaxLength="10" sap:unicode="false" sap:creatable="false" sap:updatable="false"
					sap:sortable="false" sap:filterable="false"/></EntityType>
			<EntityType Name="FleetRequest" sap:content-version="1">
				<Key><PropertyRef Name="Zrecord"/></Key><Property Name="Zrecord" Type="Edm.String" Nullable="false" MaxLength="9" sap:unicode="false" sap:label="HR clearance Record"
					sap:creatable="false" sap:updatable="false" sap:sortable="false" sap:filterable="false"/><Property Name="ZrequestDate" Type="Edm.DateTime" Precision="7" sap:unicode="false" sap:label="Request Date" sap:creatable="false"
					sap:updatable="false" sap:sortable="false" sap:filterable="false"/><Property Name="ZrequestTime" Type="Edm.Time" Precision="0" sap:unicode="false" sap:label="Requested Time" sap:creatable="false"
					sap:updatable="false" sap:sortable="false" sap:filterable="false"/><Property Name="Zrequestor" Type="Edm.String" Nullable="false" MaxLength="30" sap:unicode="false" sap:label="Requestor"
					sap:creatable="false" sap:updatable="false" sap:sortable="false" sap:filterable="false"/><Property Name="Ztransferor" Type="Edm.String" Nullable="false" MaxLength="8" sap:unicode="false" sap:label="Transferor"
					sap:creatable="false" sap:updatable="false" sap:sortable="false" sap:filterable="false"/><Property Name="Zequnr" Type="Edm.String" Nullable="false" MaxLength="18" sap:unicode="false" sap:label="Equipment" sap:creatable="false"
					sap:updatable="false" sap:sortable="false" sap:filterable="false"/><Property Name="Ztransferee" Type="Edm.String" Nullable="false" MaxLength="8" sap:unicode="false" sap:label="Transferee"
					sap:creatable="false" sap:updatable="false" sap:sortable="false" sap:filterable="false"/><Property Name="Ztype" Type="Edm.String" Nullable="false" MaxLength="1" sap:unicode="false" sap:label="Transfer type" sap:creatable="false"
					sap:updatable="false" sap:sortable="false" sap:filterable="false"/><Property Name="Zvehicletype" Type="Edm.String" Nullable="false" MaxLength="1" sap:unicode="false" sap:label="Vehicle Type"
					sap:creatable="false" sap:updatable="false" sap:sortable="false" sap:filterable="false"/><Property Name="Zduplicate" Type="Edm.String" Nullable="false" MaxLength="1" sap:unicode="false" sap:label="Duplicate" sap:creatable="false"
					sap:updatable="false" sap:sortable="false" sap:filterable="false"/><Property Name="Zapproved" Type="Edm.Boolean" Nullable="false" sap:unicode="false" sap:label="Approved" sap:creatable="false"
					sap:updatable="false" sap:sortable="false" sap:filterable="false"/><Property Name="Zrejected" Type="Edm.Boolean" Nullable="false" sap:unicode="false" sap:label="Rejected" sap:creatable="false"
					sap:updatable="false" sap:sortable="false" sap:filterable="false"/><Property Name="Zpending" Type="Edm.Boolean" Nullable="false" sap:unicode="false" sap:label="Pending" sap:creatable="false"
					sap:updatable="false" sap:sortable="false" sap:filterable="false"/><Property Name="ZtransferorP" Type="Edm.String" Nullable="false" MaxLength="1" sap:unicode="false" sap:label="Pending Transferor"
					sap:creatable="false" sap:updatable="false" sap:sortable="false" sap:filterable="false"/><Property Name="ZtransfereeP" Type="Edm.String" Nullable="false" MaxLength="1" sap:unicode="false" sap:label="Transferee Pending"
					sap:creatable="false" sap:updatable="false" sap:sortable="false" sap:filterable="false"/><Property Name="Zfromappdate" Type="Edm.DateTime" Precision="7" sap:unicode="false" sap:label="Transferor Approved" sap:creatable="false"
					sap:updatable="false" sap:sortable="false" sap:filterable="false"/><Property Name="Zfromapptime" Type="Edm.Time" Precision="0" sap:unicode="false" sap:label="Transferor Approved" sap:creatable="false"
					sap:updatable="false" sap:sortable="false" sap:filterable="false"/><Property Name="Zfromcc" Type="Edm.String" Nullable="false" MaxLength="10" sap:unicode="false" sap:label="From Cost center"
					sap:creatable="false" sap:updatable="false" sap:sortable="false" sap:filterable="false"/><Property Name="Ztocc" Type="Edm.String" Nullable="false" MaxLength="10" sap:unicode="false" sap:label="To Cost center"
					sap:creatable="false" sap:updatable="false" sap:sortable="false" sap:filterable="false"/><Property Name="Ztoappdate" Type="Edm.DateTime" Precision="7" sap:unicode="false" sap:label="Treansferee Approved" sap:creatable="false"
					sap:updatable="false" sap:sortable="false" sap:filterable="false"/><Property Name="Ztoapptime" Type="Edm.Time" Precision="0" sap:unicode="false" sap:label="Transferee approved" sap:creatable="false"
					sap:updatable="false" sap:sortable="false" sap:filterable="false"/><Property Name="Zfromassdate" Type="Edm.DateTime" Precision="7" sap:unicode="false" sap:label="Transferor Queue Ass" sap:creatable="false"
					sap:updatable="false" sap:sortable="false" sap:filterable="false"/><Property Name="Zfromasstime" Type="Edm.Time" Precision="0" sap:unicode="false" sap:label="Transferor queue ass" sap:creatable="false"
					sap:updatable="false" sap:sortable="false" sap:filterable="false"/><Property Name="Ztoassdate" Type="Edm.DateTime" Precision="7" sap:unicode="false" sap:label="Transferee assigned" sap:creatable="false"
					sap:updatable="false" sap:sortable="false" sap:filterable="false"/><Property Name="Ztoasstime" Type="Edm.Time" Precision="0" sap:unicode="false" sap:label="Transferee assigned" sap:creatable="false"
					sap:updatable="false" sap:sortable="false" sap:filterable="false"/><Property Name="Zissuetype" Type="Edm.String" Nullable="false" MaxLength="2" sap:unicode="false" sap:label="Type of issue with t"
					sap:creatable="false" sap:updatable="false" sap:sortable="false" sap:filterable="false"/><Property Name="Znewvehicle" Type="Edm.String" Nullable="false" MaxLength="18" sap:unicode="false" sap:label="Equipment"
					sap:creatable="false" sap:updatable="false" sap:sortable="false" sap:filterable="false"/><Property Name="Zplate" Type="Edm.String" Nullable="false" MaxLength="18" sap:unicode="false" sap:label="Fleet objectNo."
					sap:creatable="false" sap:updatable="false" sap:sortable="false" sap:filterable="false"/><Property Name="Zpenality" Type="Edm.Decimal" Nullable="false" Precision="8" Scale="3" sap:unicode="false" sap:label="Penality Amount"
					sap:creatable="false" sap:updatable="false" sap:sortable="false" sap:filterable="false"/><Property Name="Zfromvkbur" Type="Edm.String" Nullable="false" MaxLength="4" sap:unicode="false" sap:label="Sales Office"
					sap:creatable="false" sap:updatable="false" sap:sortable="false" sap:filterable="false"/><Property Name="Zfromsodesc" Type="Edm.String" Nullable="false" MaxLength="50" sap:unicode="false" sap:label="Text" sap:creatable="false"
					sap:updatable="false" sap:sortable="false" sap:filterable="false"/><Property Name="Ztovkbur" Type="Edm.String" Nullable="false" MaxLength="4" sap:unicode="false" sap:label="Sales Office"
					sap:creatable="false" sap:updatable="false" sap:sortable="false" sap:filterable="false"/><Property Name="Ztosodesc" Type="Edm.String" Nullable="false" MaxLength="50" sap:unicode="false" sap:label="Text" sap:creatable="false"
					sap:updatable="false" sap:sortable="false" sap:filterable="false"/><Property Name="Lvl" Type="Edm.String" Nullable="false" MaxLength="2" sap:unicode="false" sap:label="Approver Level" sap:creatable="false"
					sap:updatable="false" sap:sortable="false" sap:filterable="false"/><Property Name="SupUser" Type="Edm.String" Nullable="false" MaxLength="12" sap:unicode="false" sap:label="User" sap:creatable="false"
					sap:updatable="false" sap:sortable="false" sap:filterable="false"/><Property Name="WrkUser" Type="Edm.String" Nullable="false" MaxLength="12" sap:unicode="false" sap:label="User" sap:creatable="false"
					sap:updatable="false" sap:sortable="false" sap:filterable="false"/><Property Name="FinUser" Type="Edm.String" Nullable="false" MaxLength="12" sap:unicode="false" sap:label="User" sap:creatable="false"
					sap:updatable="false" sap:sortable="false" sap:filterable="false"/><Property Name="SupAppDate" Type="Edm.DateTime" Precision="7" sap:unicode="false" sap:label="Approved Date" sap:creatable="false"
					sap:updatable="false" sap:sortable="false" sap:filterable="false"/><Property Name="SupAppTime" Type="Edm.Time" Precision="0" sap:unicode="false" sap:label="Approval Time" sap:creatable="false"
					sap:updatable="false" sap:sortable="false" sap:filterable="false"/><Property Name="SupAppStatus" Type="Edm.String" Nullable="false" MaxLength="1" sap:unicode="false" sap:label="Approval Status"
					sap:creatable="false" sap:updatable="false" sap:sortable="false" sap:filterable="false"/><Property Name="WrkAppDate" Type="Edm.DateTime" Precision="7" sap:unicode="false" sap:label="Approved Date" sap:creatable="false"
					sap:updatable="false" sap:sortable="false" sap:filterable="false"/><Property Name="WrkAppTime" Type="Edm.Time" Precision="0" sap:unicode="false" sap:label="Approval Time" sap:creatable="false"
					sap:updatable="false" sap:sortable="false" sap:filterable="false"/><Property Name="WrkAppStatus" Type="Edm.String" Nullable="false" MaxLength="1" sap:unicode="false" sap:label="Approval Status"
					sap:creatable="false" sap:updatable="false" sap:sortable="false" sap:filterable="false"/><Property Name="FinAppDate" Type="Edm.DateTime" Precision="7" sap:unicode="false" sap:label="Approved Date" sap:creatable="false"
					sap:updatable="false" sap:sortable="false" sap:filterable="false"/><Property Name="FinAppTime" Type="Edm.Time" Precision="0" sap:unicode="false" sap:label="Approval Time" sap:creatable="false"
					sap:updatable="false" sap:sortable="false" sap:filterable="false"/><Property Name="FinAppStatus" Type="Edm.String" Nullable="false" MaxLength="1" sap:unicode="false" sap:label="Approval Status"
					sap:creatable="false" sap:updatable="false" sap:sortable="false" sap:filterable="false"/><Property Name="Remark" Type="Edm.String" Nullable="false" MaxLength="120" sap:unicode="false" sap:label="Remark" sap:creatable="false"
					sap:updatable="false" sap:sortable="false" sap:filterable="false"/></EntityType>
			<EntityType Name="transferRequestDownload" sap:content-version="1">
				<Key><PropertyRef Name="Zrecord"/></Key><Property Name="DriverID" Type="Edm.String" Nullable="false" MaxLength="8" sap:unicode="false" sap:label="KUNNR" sap:creatable="false"
					sap:updatable="false" sap:sortable="false" sap:filterable="false"/><Property Name="Zrecord" Type="Edm.String" Nullable="false" MaxLength="9" sap:unicode="false" sap:label="HR clearance Record"
					sap:creatable="false" sap:updatable="false" sap:sortable="false" sap:filterable="false"/><Property Name="ZrequestDate" Type="Edm.String" Nullable="false" MaxLength="10" sap:unicode="false" sap:label="Request Date"
					sap:creatable="false" sap:updatable="false" sap:sortable="false" sap:filterable="false"/><Property Name="ZrequestTime" Type="Edm.String" Nullable="false" MaxLength="10" sap:unicode="false" sap:label="Requested Time"
					sap:creatable="false" sap:updatable="false" sap:sortable="false" sap:filterable="false"/><Property Name="Zrequestor" Type="Edm.String" Nullable="false" MaxLength="30" sap:unicode="false" sap:label="Requestor"
					sap:creatable="false" sap:updatable="false" sap:sortable="false" sap:filterable="false"/><Property Name="Ztransferor" Type="Edm.String" Nullable="false" MaxLength="8" sap:unicode="false" sap:label="Transferor"
					sap:creatable="false" sap:updatable="false" sap:sortable="false" sap:filterable="false"/><Property Name="Zequnr" Type="Edm.String" Nullable="false" MaxLength="18" sap:unicode="false" sap:label="Equipment" sap:creatable="false"
					sap:updatable="false" sap:sortable="false" sap:filterable="false"/><Property Name="Ztransferee" Type="Edm.String" Nullable="false" MaxLength="8" sap:unicode="false" sap:label="Transferee"
					sap:creatable="false" sap:updatable="false" sap:sortable="false" sap:filterable="false"/><Property Name="Ztype" Type="Edm.String" Nullable="false" MaxLength="1" sap:unicode="false" sap:label="Transfer type" sap:creatable="false"
					sap:updatable="false" sap:sortable="false" sap:filterable="false"/><Property Name="Zvehicletype" Type="Edm.String" Nullable="false" MaxLength="1" sap:unicode="false" sap:label="Vehicle Type"
					sap:creatable="false" sap:updatable="false" sap:sortable="false" sap:filterable="false"/><Property Name="Zissuetype" Type="Edm.String" Nullable="false" MaxLength="2" sap:unicode="false" sap:label="Type of issue with t"
					sap:creatable="false" sap:updatable="false" sap:sortable="false" sap:filterable="false"/><Property Name="ZtypeStr" Type="Edm.String" Nullable="false" MaxLength="255" sap:unicode="false" sap:label="Char255" sap:creatable="false"
					sap:updatable="false" sap:sortable="false" sap:filterable="false"/><Property Name="ZissuetypeStr" Type="Edm.String" Nullable="false" MaxLength="255" sap:unicode="false" sap:label="Char255"
					sap:creatable="false" sap:updatable="false" sap:sortable="false" sap:filterable="false"/><Property Name="Ztransferor_flg" Type="Edm.String" Nullable="false" MaxLength="1" sap:unicode="false" sap:label="Ztransferor_flg"
					sap:creatable="false" sap:updatable="false" sap:sortable="false" sap:filterable="false"/><Property Name="Ztransferee_flg" Type="Edm.String" Nullable="false" MaxLength="1" sap:unicode="false" sap:label="Ztransferee_flg"
					sap:creatable="false" sap:updatable="false" sap:sortable="false" sap:filterable="false"/><Property Name="Ztransferor_n" Type="Edm.String" Nullable="false" MaxLength="35" sap:unicode="false" sap:label="Ztransferor_n"
					sap:creatable="false" sap:updatable="false" sap:sortable="false" sap:filterable="false"/><Property Name="Ztransferee_n" Type="Edm.String" Nullable="false" MaxLength="35" sap:unicode="false" sap:label="Ztransferee_n"
					sap:creatable="false" sap:updatable="false" sap:sortable="false" sap:filterable="false"/><Property Name="Zplate" Type="Edm.String" Nullable="false" MaxLength="18" sap:unicode="false" sap:label="Zplate" sap:creatable="false"
					sap:updatable="false" sap:sortable="false" sap:filterable="false"/><Property Name="Zequipdescr" Type="Edm.String" Nullable="false" MaxLength="50" sap:unicode="false" sap:label="Zequipdescr"
					sap:creatable="false" sap:updatable="false" sap:sortable="false" sap:filterable="false"/></EntityType>
			<EntityType Name="updatePenality" sap:content-version="1">
				<Key><PropertyRef Name="Zrecord"/><PropertyRef Name="Zpenality"/></Key><Property Name="Zrecord" Type="Edm.String" Nullable="false" MaxLength="10" sap:unicode="false" sap:creatable="false" sap:updatable="false"
					sap:sortable="false" sap:filterable="false"/><Property Name="Zpenality" Type="Edm.Decimal" Nullable="false" Precision="7" Scale="2" sap:unicode="false" sap:creatable="false"
					sap:updatable="false" sap:sortable="false" sap:filterable="false"/></EntityType>
			<EntityType Name="VehicleDetails" sap:content-version="1">
				<Key><PropertyRef Name="Pernr"/></Key><Property Name="Pernr" Type="Edm.String" Nullable="false" MaxLength="8" sap:unicode="false" sap:label="Personnel No." sap:creatable="false"
					sap:updatable="false" sap:sortable="false" sap:filterable="false"/><Property Name="VehicleVendor" Type="Edm.String" Nullable="false" MaxLength="30" sap:unicode="false" sap:label="30 Characters"
					sap:creatable="false" sap:updatable="false" sap:sortable="false" sap:filterable="false"/><Property Name="VehicleCc" Type="Edm.String" Nullable="false" MaxLength="100" sap:unicode="false" sap:label="Character 100"
					sap:creatable="false" sap:updatable="false" sap:sortable="false" sap:filterable="false"/><Property Name="VehicleId" Type="Edm.String" Nullable="false" MaxLength="18" sap:unicode="false" sap:label="Field length 18"
					sap:creatable="false" sap:updatable="false" sap:sortable="false" sap:filterable="false"/><Property Name="VehicleText" Type="Edm.String" Nullable="false" MaxLength="30" sap:unicode="false" sap:label="30 Characters"
					sap:creatable="false" sap:updatable="false" sap:sortable="false" sap:filterable="false"/><Property Name="VehicleNo" Type="Edm.String" Nullable="false" MaxLength="18" sap:unicode="false" sap:label="Fleet objectNo."
					sap:creatable="false" sap:updatable="false" sap:sortable="false" sap:filterable="false"/><Property Name="VehicleLoc" Type="Edm.String" Nullable="false" MaxLength="50" sap:unicode="false" sap:label="c" sap:creatable="false"
					sap:updatable="false" sap:sortable="false" sap:filterable="false"/><Property Name="VehiclePlant" Type="Edm.String" Nullable="false" MaxLength="50" sap:unicode="false" sap:label="Character Field Length = 10"
					sap:creatable="false" sap:updatable="false" sap:sortable="false" sap:filterable="false"/><Property Name="VehicleLocId" Type="Edm.String" Nullable="false" MaxLength="10" sap:unicode="false" sap:label="Location"
					sap:creatable="false" sap:updatable="false" sap:sortable="false" sap:filterable="false"/></EntityType>
			<EntityType Name="VehicleDropDown" sap:content-version="1">
				<Key><PropertyRef Name="RequestId"/></Key><Property Name="Region" Type="Edm.String" Nullable="false" MaxLength="10" sap:unicode="false" sap:label="Character Field Length = 10"
					sap:creatable="false" sap:updatable="false" sap:sortable="false" sap:filterable="false"/><Property Name="RequestId" Type="Edm.String" Nullable="false" MaxLength="12" sap:unicode="false" sap:label="Character Field of Length 12"
					sap:creatable="false" sap:updatable="false" sap:sortable="false" sap:filterable="false"/><Property Name="ApprovalLbl" Type="Edm.String" Nullable="false" MaxLength="3" sap:unicode="false" sap:label="3-Byte field"
					sap:creatable="false" sap:updatable="false" sap:sortable="false" sap:filterable="false"/><Property Name="CostCenter" Type="Edm.String" Nullable="false" MaxLength="10" sap:unicode="false" sap:label="Cost Center"
					sap:creatable="false" sap:updatable="false" sap:sortable="false" sap:filterable="false"/><Property Name="VehicleId" Type="Edm.String" Nullable="false" MaxLength="18" sap:unicode="false" sap:label="Equipment" sap:creatable="false"
					sap:updatable="false" sap:sortable="false" sap:filterable="false"/><Property Name="VehicleName" Type="Edm.String" Nullable="false" MaxLength="100" sap:unicode="false" sap:label="Character 100"
					sap:creatable="false" sap:updatable="false" sap:sortable="false" sap:filterable="false"/></EntityType>
			<EntityType Name="VehicleDetails2" sap:content-version="1">
				<Key><PropertyRef Name="RequestId"/></Key><Property Name="RequestId" Type="Edm.String" Nullable="false" MaxLength="12" sap:unicode="false" sap:label="Req Id" sap:creatable="false"
					sap:updatable="false" sap:sortable="false" sap:filterable="false"/><Property Name="VehicleVendor" Type="Edm.String" Nullable="false" MaxLength="30" sap:unicode="false" sap:label="30 Characters"
					sap:creatable="false" sap:updatable="false" sap:sortable="false" sap:filterable="false"/><Property Name="VehicleCc" Type="Edm.String" Nullable="false" MaxLength="100" sap:unicode="false" sap:label="Character 100"
					sap:creatable="false" sap:updatable="false" sap:sortable="false" sap:filterable="false"/><Property Name="VehicleId" Type="Edm.String" Nullable="false" MaxLength="18" sap:unicode="false" sap:label="Field length 18"
					sap:creatable="false" sap:updatable="false" sap:sortable="false" sap:filterable="false"/><Property Name="VehicleText" Type="Edm.String" Nullable="false" MaxLength="30" sap:unicode="false" sap:label="30 Characters"
					sap:creatable="false" sap:updatable="false" sap:sortable="false" sap:filterable="false"/><Property Name="VehicleNo" Type="Edm.String" Nullable="false" MaxLength="18" sap:unicode="false" sap:label="Fleet objectNo."
					sap:creatable="false" sap:updatable="false" sap:sortable="false" sap:filterable="false"/><Property Name="VehicleLoc" Type="Edm.String" Nullable="false" MaxLength="50" sap:unicode="false" sap:label="c" sap:creatable="false"
					sap:updatable="false" sap:sortable="false" sap:filterable="false"/><Property Name="VehiclePlant" Type="Edm.String" Nullable="false" MaxLength="50" sap:unicode="false" sap:label="Character Field Length = 10"
					sap:creatable="false" sap:updatable="false" sap:sortable="false" sap:filterable="false"/><Property Name="VehicleLocId" Type="Edm.String" Nullable="false" MaxLength="10" sap:unicode="false" sap:label="Location"
					sap:creatable="false" sap:updatable="false" sap:sortable="false" sap:filterable="false"/></EntityType>
			<EntityType Name="VehicleDetails3" sap:content-version="1">
				<Key><PropertyRef Name="VehicleId"/></Key><Property Name="VehicleCc" Type="Edm.String" Nullable="false" MaxLength="100" sap:unicode="false" sap:label="Character 100"
					sap:creatable="false" sap:updatable="false" sap:sortable="false" sap:filterable="false"/><Property Name="VehicleVendor" Type="Edm.String" Nullable="false" MaxLength="30" sap:unicode="false" sap:label="30 Characters"
					sap:creatable="false" sap:updatable="false" sap:sortable="false" sap:filterable="false"/><Property Name="VehicleId" Type="Edm.String" Nullable="false" MaxLength="18" sap:unicode="false" sap:label="Field length 18"
					sap:creatable="false" sap:updatable="false" sap:sortable="false" sap:filterable="false"/><Property Name="VehicleText" Type="Edm.String" Nullable="false" MaxLength="30" sap:unicode="false" sap:label="30 Characters"
					sap:creatable="false" sap:updatable="false" sap:sortable="false" sap:filterable="false"/><Property Name="VehicleNo" Type="Edm.String" Nullable="false" MaxLength="18" sap:unicode="false" sap:label="Fleet objectNo."
					sap:creatable="false" sap:updatable="false" sap:sortable="false" sap:filterable="false"/><Property Name="VehicleLoc" Type="Edm.String" Nullable="false" MaxLength="50" sap:unicode="false" sap:label="c" sap:creatable="false"
					sap:updatable="false" sap:sortable="false" sap:filterable="false"/><Property Name="VehiclePlant" Type="Edm.String" Nullable="false" MaxLength="50" sap:unicode="false" sap:label="Character Field Length = 10"
					sap:creatable="false" sap:updatable="false" sap:sortable="false" sap:filterable="false"/><Property Name="VehicleLocId" Type="Edm.String" Nullable="false" MaxLength="10" sap:unicode="false" sap:label="Location"
					sap:creatable="false" sap:updatable="false" sap:sortable="false" sap:filterable="false"/><Property Name="VehicleStatus" Type="Edm.String" Nullable="false" MaxLength="1" sap:unicode="false" sap:label="Status" sap:creatable="false"
					sap:updatable="false" sap:sortable="false" sap:filterable="false"/><Property Name="Message" Type="Edm.String" Nullable="false" MaxLength="120" sap:unicode="false" sap:label="Message" sap:creatable="false"
					sap:updatable="false" sap:sortable="false" sap:filterable="false"/></EntityType>
			<EntityType Name="VechileSearch" sap:content-version="1">
				<Key><PropertyRef Name="VechileID"/></Key><Property Name="VechileID" Type="Edm.String" Nullable="false" MaxLength="18" sap:unicode="false" sap:label="VechileID" sap:creatable="false"
					sap:updatable="false" sap:sortable="false" sap:filterable="false"/><Property Name="VechilePlate" Type="Edm.String" Nullable="false" MaxLength="18" sap:unicode="false" sap:label="VechilePlate"
					sap:creatable="false" sap:updatable="false" sap:sortable="false" sap:filterable="false"/></EntityType>
			<EntityType Name="Approve" sap:content-version="1">
				<Key><PropertyRef Name="RequestId"/><PropertyRef Name="ApprovalLvl"/></Key><Property Name="TlVehicleId" Type="Edm.String" Nullable="false" MaxLength="30" sap:unicode="false" sap:label="30 Characters"
					sap:creatable="false" sap:updatable="false" sap:sortable="false" sap:filterable="false"/><Property Name="RequestId" Type="Edm.String" Nullable="false" MaxLength="12" sap:unicode="false" sap:label="Character Field of Length 12"
					sap:creatable="false" sap:updatable="false" sap:sortable="false" sap:filterable="false"/><Property Name="ApprovalLvl" Type="Edm.String" Nullable="false" MaxLength="3" sap:unicode="false" sap:label="AppLvl" sap:creatable="false"
					sap:updatable="false" sap:sortable="false" sap:filterable="false"/></EntityType>
			<EntityType Name="EmployeeDetails" sap:content-version="1">
				<Key><PropertyRef Name="Pernr"/></Key><Property Name="Plant" Type="Edm.String" Nullable="false" MaxLength="30" sap:unicode="false" sap:label="30 Characters" sap:creatable="false"
					sap:updatable="false" sap:sortable="false" sap:filterable="false"/><Property Name="CostCenter" Type="Edm.String" Nullable="false" MaxLength="100" sap:unicode="false" sap:label="Character 100"
					sap:creatable="false" sap:updatable="false" sap:sortable="false" sap:filterable="false"/><Property Name="EmpSubgroup" Type="Edm.String" Nullable="false" MaxLength="2" sap:unicode="false" sap:label="EE subgroup"
					sap:creatable="false" sap:updatable="false" sap:sortable="false" sap:filterable="false"/><Property Name="Channel" Type="Edm.String" Nullable="false" MaxLength="10" sap:unicode="false" sap:label="Character Field Length = 10"
					sap:creatable="false" sap:updatable="false" sap:sortable="false" sap:filterable="false"/><Property Name="Pernr" Type="Edm.String" Nullable="false" MaxLength="8" sap:unicode="false" sap:label="Personnel No." sap:creatable="false"
					sap:updatable="false" sap:sortable="false" sap:filterable="false"/><Property Name="EmpSubgroupDesc" Type="Edm.String" Nullable="false" MaxLength="50" sap:unicode="false" sap:label="c" sap:creatable="false"
					sap:updatable="false" sap:sortable="false" sap:filterable="false"/><Property Name="NameEn" Type="Edm.String" Nullable="false" MaxLength="30" sap:unicode="false" sap:label="Name 1" sap:creatable="false"
					sap:updatable="false" sap:sortable="false" sap:filterable="false"/><Property Name="NameAr" Type="Edm.String" Nullable="false" MaxLength="30" sap:unicode="false" sap:label="Name 1" sap:creatable="false"
					sap:updatable="false" sap:sortable="false" sap:filterable="false"/><Property Name="PositionId" Type="Edm.String" Nullable="false" MaxLength="8" sap:unicode="false" sap:label="Position" sap:creatable="false"
					sap:updatable="false" sap:sortable="false" sap:filterable="false"/><Property Name="PositionTextEn" Type="Edm.String" Nullable="false" MaxLength="40" sap:unicode="false" sap:label="Char" sap:creatable="false"
					sap:updatable="false" sap:sortable="false" sap:filterable="false"/><Property Name="PositionTextAr" Type="Edm.String" Nullable="false" MaxLength="40" sap:unicode="false" sap:label="Char" sap:creatable="false"
					sap:updatable="false" sap:sortable="false" sap:filterable="false"/><Property Name="NatioEn" Type="Edm.String" Nullable="false" MaxLength="50" sap:unicode="false" sap:label="c" sap:creatable="false"
					sap:updatable="false" sap:sortable="false" sap:filterable="false"/><Property Name="NatioAr" Type="Edm.String" Nullable="false" MaxLength="50" sap:unicode="false" sap:label="c" sap:creatable="false"
					sap:updatable="false" sap:sortable="false" sap:filterable="false"/><Property Name="DepartmentEn" Type="Edm.String" Nullable="false" MaxLength="40" sap:unicode="false" sap:label="Char" sap:creatable="false"
					sap:updatable="false" sap:sortable="false" sap:filterable="false"/><Property Name="DepartmentAr" Type="Edm.String" Nullable="false" MaxLength="40" sap:unicode="false" sap:label="Char" sap:creatable="false"
					sap:updatable="false" sap:sortable="false" sap:filterable="false"/><Property Name="IdNoEn" Type="Edm.String" Nullable="false" MaxLength="30" sap:unicode="false" sap:label="30 Characters"
					sap:creatable="false" sap:updatable="false" sap:sortable="false" sap:filterable="false"/><Property Name="IdNoAr" Type="Edm.String" Nullable="false" MaxLength="30" sap:unicode="false" sap:label="30 Characters"
					sap:creatable="false" sap:updatable="false" sap:sortable="false" sap:filterable="false"/><Property Name="Cocd" Type="Edm.String" Nullable="false" MaxLength="4" sap:unicode="false" sap:label="Company Code" sap:creatable="false"
					sap:updatable="false" sap:sortable="false" sap:filterable="false"/><Property Name="CocdDesc" Type="Edm.String" Nullable="false" MaxLength="45" sap:unicode="false" sap:label="Char45" sap:creatable="false"
					sap:updatable="false" sap:sortable="false" sap:filterable="false"/><Property Name="Dl" Type="Edm.String" Nullable="false" MaxLength="20" sap:unicode="false" sap:label="Char20" sap:creatable="false"
					sap:updatable="false" sap:sortable="false" sap:filterable="false"/></EntityType>
			<EntityType Name="FleetRequestHeader" sap:content-version="1">
				<Key><PropertyRef Name="RequestId"/></Key><Property Name="Channel" Type="Edm.String" Nullable="false" MaxLength="10" sap:unicode="false" sap:label="Character Field Length = 10"
					sap:creatable="false" sap:updatable="false" sap:sortable="false" sap:filterable="false"/><Property Name="DLExpDate" Type="Edm.DateTime" Precision="7" sap:unicode="false" sap:label="DL Exp Date" sap:creatable="false"
					sap:updatable="false" sap:sortable="false" sap:filterable="false"/><Property Name="CostCenter" Type="Edm.String" Nullable="false" MaxLength="100" sap:unicode="false" sap:label="Character 100"
					sap:creatable="false" sap:updatable="false" sap:sortable="false" sap:filterable="false"/><Property Name="MOTExpDate" Type="Edm.DateTime" Precision="7" sap:unicode="false" sap:label="MOT Exp Date" sap:creatable="false"
					sap:updatable="false" sap:sortable="false" sap:filterable="false"/><Property Name="Plant" Type="Edm.String" Nullable="false" MaxLength="30" sap:unicode="false" sap:label="30 Characters" sap:creatable="false"
					sap:updatable="false" sap:sortable="false" sap:filterable="false"/><Property Name="RequestId" Type="Edm.String" Nullable="false" MaxLength="12" sap:unicode="false" sap:label="Character Field of Length 12"
					sap:creatable="false" sap:updatable="false" sap:sortable="false" sap:filterable="false"/><Property Name="Pernr" Type="Edm.String" Nullable="false" MaxLength="8" sap:unicode="false" sap:label="Personnel No." sap:creatable="false"
					sap:updatable="false" sap:sortable="false" sap:filterable="false"/><Property Name="NameEn" Type="Edm.String" Nullable="false" MaxLength="30" sap:unicode="false" sap:label="Name 1" sap:creatable="false"
					sap:updatable="false" sap:sortable="false" sap:filterable="false"/><Property Name="NameAr" Type="Edm.String" Nullable="false" MaxLength="30" sap:unicode="false" sap:label="Name 1" sap:creatable="false"
					sap:updatable="false" sap:sortable="false" sap:filterable="false"/><Property Name="PositionId" Type="Edm.String" Nullable="false" MaxLength="8" sap:unicode="false" sap:label="Position" sap:creatable="false"
					sap:updatable="false" sap:sortable="false" sap:filterable="false"/><Property Name="PositionTextEn" Type="Edm.String" Nullable="false" MaxLength="40" sap:unicode="false" sap:label="Char" sap:creatable="false"
					sap:updatable="false" sap:sortable="false" sap:filterable="false"/><Property Name="PositionTextAr" Type="Edm.String" Nullable="false" MaxLength="40" sap:unicode="false" sap:label="Char" sap:creatable="false"
					sap:updatable="false" sap:sortable="false" sap:filterable="false"/><Property Name="NatioEn" Type="Edm.String" Nullable="false" MaxLength="50" sap:unicode="false" sap:label="c" sap:creatable="false"
					sap:updatable="false" sap:sortable="false" sap:filterable="false"/><Property Name="NatioAr" Type="Edm.String" Nullable="false" MaxLength="50" sap:unicode="false" sap:label="c" sap:creatable="false"
					sap:updatable="false" sap:sortable="false" sap:filterable="false"/><Property Name="DepartmentEn" Type="Edm.String" Nullable="false" MaxLength="40" sap:unicode="false" sap:label="Char" sap:creatable="false"
					sap:updatable="false" sap:sortable="false" sap:filterable="false"/><Property Name="DepartmentAr" Type="Edm.String" Nullable="false" MaxLength="40" sap:unicode="false" sap:label="Char" sap:creatable="false"
					sap:updatable="false" sap:sortable="false" sap:filterable="false"/><Property Name="IdNoEn" Type="Edm.String" Nullable="false" MaxLength="30" sap:unicode="false" sap:label="30 Characters"
					sap:creatable="false" sap:updatable="false" sap:sortable="false" sap:filterable="false"/><Property Name="IdNoAr" Type="Edm.String" Nullable="false" MaxLength="30" sap:unicode="false" sap:label="30 Characters"
					sap:creatable="false" sap:updatable="false" sap:sortable="false" sap:filterable="false"/><Property Name="Cocd" Type="Edm.String" Nullable="false" MaxLength="4" sap:unicode="false" sap:label="Company Code" sap:creatable="false"
					sap:updatable="false" sap:sortable="false" sap:filterable="false"/><Property Name="CocdDesc" Type="Edm.String" Nullable="false" MaxLength="45" sap:unicode="false" sap:label="Char45" sap:creatable="false"
					sap:updatable="false" sap:sortable="false" sap:filterable="false"/><Property Name="Dl" Type="Edm.String" Nullable="false" MaxLength="20" sap:unicode="false" sap:label="Char20" sap:creatable="false"
					sap:updatable="false" sap:sortable="false" sap:filterable="false"/><Property Name="EmpSubgroup" Type="Edm.String" Nullable="false" MaxLength="2" sap:unicode="false" sap:label="EE subgroup"
					sap:creatable="false" sap:updatable="false" sap:sortable="false" sap:filterable="false"/><Property Name="EmpSubgroupDesc" Type="Edm.String" Nullable="false" MaxLength="50" sap:unicode="false" sap:label="c" sap:creatable="false"
					sap:updatable="false" sap:sortable="false" sap:filterable="false"/><Property Name="MobileNo" Type="Edm.String" MaxLength="10" sap:unicode="false" sap:label="Employee Mobile No" sap:creatable="false"
					sap:updatable="false" sap:sortable="false" sap:filterable="false"/><Property Name="VechileAssigned" Type="Edm.String" MaxLength="10" sap:unicode="false" sap:label="Vechile Assigned" sap:creatable="false"
					sap:updatable="false" sap:sortable="false" sap:filterable="false"/><NavigationProperty Name="RequestHeaderToItemNav" Relationship="ZGBC_FLEET_RETURN_SRV.RequestHeaderToItem"
					FromRole="FromRole_RequestHeaderToItem" ToRole="ToRole_RequestHeaderToItem"/></EntityType>
			<EntityType Name="FleetRequestItem" sap:content-version="1">
				<Key><PropertyRef Name="RequestId"/></Key><Property Name="Pernr" Type="Edm.String" Nullable="false" MaxLength="8" sap:unicode="false" sap:label="Personnel No." sap:creatable="false"
					sap:updatable="false" sap:sortable="false" sap:filterable="false"/><Property Name="VehicleVendor" Type="Edm.String" Nullable="false" MaxLength="30" sap:unicode="false" sap:label="30 Characters"
					sap:creatable="false" sap:updatable="false" sap:sortable="false" sap:filterable="false"/><Property Name="VehicleCc" Type="Edm.String" Nullable="false" MaxLength="100" sap:unicode="false" sap:label="Character 100"
					sap:creatable="false" sap:updatable="false" sap:sortable="false" sap:filterable="false"/><Property Name="RequestId" Type="Edm.String" Nullable="false" MaxLength="12" sap:unicode="false" sap:label="Req Id" sap:creatable="false"
					sap:updatable="false" sap:sortable="false" sap:filterable="false"/><Property Name="CreatedBy" Type="Edm.String" Nullable="false" MaxLength="12" sap:unicode="false" sap:label="User Name" sap:creatable="false"
					sap:updatable="false" sap:sortable="false" sap:filterable="false"/><Property Name="CreatedOn" Type="Edm.DateTime" Nullable="false" Precision="7" sap:unicode="false" sap:label="Created on"
					sap:creatable="false" sap:updatable="false" sap:sortable="false" sap:filterable="false"/><Property Name="CreatedOntime" Type="Edm.Time" Nullable="false" Precision="0" sap:unicode="false" sap:label="Time" sap:creatable="false"
					sap:updatable="false" sap:sortable="false" sap:filterable="false"/><Property Name="VehicleId" Type="Edm.String" Nullable="false" MaxLength="18" sap:unicode="false" sap:label="Field length 18"
					sap:creatable="false" sap:updatable="false" sap:sortable="false" sap:filterable="false"/><Property Name="VehicleText" Type="Edm.String" Nullable="false" MaxLength="30" sap:unicode="false" sap:label="30 Characters"
					sap:creatable="false" sap:updatable="false" sap:sortable="false" sap:filterable="false"/><Property Name="VehicleNo" Type="Edm.String" Nullable="false" MaxLength="18" sap:unicode="false" sap:label="Fleet objectNo."
					sap:creatable="false" sap:updatable="false" sap:sortable="false" sap:filterable="false"/><Property Name="VehicleLoc" Type="Edm.String" Nullable="false" MaxLength="50" sap:unicode="false" sap:label="c" sap:creatable="false"
					sap:updatable="false" sap:sortable="false" sap:filterable="false"/><Property Name="VehiclePlant" Type="Edm.String" Nullable="false" MaxLength="50" sap:unicode="false" sap:label="Character Field Length = 10"
					sap:creatable="false" sap:updatable="false" sap:sortable="false" sap:filterable="false"/><Property Name="VehicleLocId" Type="Edm.String" Nullable="false" MaxLength="10" sap:unicode="false" sap:label="Location"
					sap:creatable="false" sap:updatable="false" sap:sortable="false" sap:filterable="false"/></EntityType>
			<EntityType Name="Workitem" sap:content-version="1">
				<Key><PropertyRef Name="WorkitemId"/></Key><Property Name="WorkitemId" Type="Edm.String" Nullable="false" MaxLength="12" sap:unicode="false" sap:label="Work Item ID"
					sap:creatable="false" sap:updatable="false" sap:sortable="false" sap:filterable="false"/><Property Name="TaskId" Type="Edm.String" Nullable="false" MaxLength="14" sap:unicode="false" sap:label="Text" sap:creatable="false"
					sap:updatable="false" sap:sortable="false" sap:filterable="false"/><Property Name="ApprovalLvl" Type="Edm.String" Nullable="false" MaxLength="3" sap:unicode="false" sap:label="AppLvl" sap:creatable="false"
					sap:updatable="false" sap:sortable="false" sap:filterable="false"/></EntityType>
			<EntityType Name="PlantDropDown" sap:content-version="1">
				<Key><PropertyRef Name="Plant"/></Key><Property Name="Plant" Type="Edm.String" Nullable="false" MaxLength="4" sap:unicode="false" sap:label="Plant" sap:creatable="false"
					sap:updatable="false" sap:sortable="false" sap:filterable="false"/><Property Name="RequestId" Type="Edm.String" Nullable="false" MaxLength="12" sap:unicode="false" sap:label="Req Id" sap:creatable="false"
					sap:updatable="false" sap:sortable="false" sap:filterable="false"/><Property Name="PlantName" Type="Edm.String" Nullable="false" MaxLength="50" sap:unicode="false" sap:label="c" sap:creatable="false"
					sap:updatable="false" sap:sortable="false" sap:filterable="false"/></EntityType>
			<EntityType Name="LocationDropDown" sap:content-version="1">
				<Key><PropertyRef Name="LocationId"/></Key><Property Name="LocationId" Type="Edm.String" Nullable="false" MaxLength="10" sap:unicode="false" sap:label="Location" sap:creatable="false"
					sap:updatable="false" sap:sortable="false" sap:filterable="false"/><Property Name="Plant" Type="Edm.String" Nullable="false" MaxLength="4" sap:unicode="false" sap:label="Plant" sap:creatable="false"
					sap:updatable="false" sap:sortable="false" sap:filterable="false"/><Property Name="LocationName" Type="Edm.String" Nullable="false" MaxLength="50" sap:unicode="false" sap:label="c" sap:creatable="false"
					sap:updatable="false" sap:sortable="false" sap:filterable="false"/></EntityType>
			<EntityType Name="SubmitFLC" sap:content-version="1">
				<Key><PropertyRef Name="RequestId"/></Key><Property Name="ExDate" Type="Edm.String" Nullable="false" MaxLength="10" sap:unicode="false" sap:label="Character Field Length = 10"
					sap:creatable="false" sap:updatable="false" sap:sortable="false" sap:filterable="false"/><Property Name="RequestId" Type="Edm.String" Nullable="false" MaxLength="12" sap:unicode="false" sap:label="Req Id" sap:creatable="false"
					sap:updatable="false" sap:sortable="false" sap:filterable="false"/><Property Name="ShipFromPlant" Type="Edm.String" Nullable="false" MaxLength="4" sap:unicode="false" sap:label="Plant" sap:creatable="false"
					sap:updatable="false" sap:sortable="false" sap:filterable="false"/><Property Name="ShipFromLoc" Type="Edm.String" Nullable="false" MaxLength="10" sap:unicode="false" sap:label="Location"
					sap:creatable="false" sap:updatable="false" sap:sortable="false" sap:filterable="false"/><Property Name="ShipToPlant" Type="Edm.String" Nullable="false" MaxLength="4" sap:unicode="false" sap:label="Plant" sap:creatable="false"
					sap:updatable="false" sap:sortable="false" sap:filterable="false"/><Property Name="ShipToLoc" Type="Edm.String" Nullable="false" MaxLength="10" sap:unicode="false" sap:label="Location" sap:creatable="false"
					sap:updatable="false" sap:sortable="false" sap:filterable="false"/><Property Name="NameOfShipper" Type="Edm.String" Nullable="false" MaxLength="40" sap:unicode="false" sap:label="Char" sap:creatable="false"
					sap:updatable="false" sap:sortable="false" sap:filterable="false"/><Property Name="Cost" Type="Edm.Decimal" Nullable="false" Precision="15" Scale="3" sap:unicode="false" sap:label="Order quantity"
					sap:creatable="false" sap:updatable="false" sap:sortable="false" sap:filterable="false"/><Property Name="ShipperContact" Type="Edm.String" Nullable="false" MaxLength="20" sap:unicode="false" sap:label="Char20"
					sap:creatable="false" sap:updatable="false" sap:sortable="false" sap:filterable="false"/></EntityType>
			<EntityType Name="FleetDocuments" sap:content-version="1">
				<Key><PropertyRef Name="Equnr"/><PropertyRef Name="DocType"/><PropertyRef Name="DocSeq"/></Key><Property Name="Equnr" Type="Edm.String" Nullable="false" MaxLength="18" sap:unicode="false" sap:label="Equipment" sap:creatable="false"
					sap:updatable="false" sap:sortable="false" sap:filterable="false"/><Property Name="DocType" Type="Edm.String" Nullable="false" MaxLength="4" sap:unicode="false" sap:label="Fleet Document Type"
					sap:creatable="false" sap:updatable="false" sap:sortable="false" sap:filterable="false"/><Property Name="DocSeq" Type="Edm.String" Nullable="false" MaxLength="3" sap:unicode="false" sap:label="Doc Sequence" sap:creatable="false"
					sap:updatable="false" sap:sortable="false" sap:filterable="false"/><Property Name="Content" Type="Edm.String" Nullable="false" sap:unicode="false" sap:label="CONTENT" sap:creatable="false"
					sap:updatable="false" sap:sortable="false" sap:filterable="false"/><Property Name="Filename" Type="Edm.String" Nullable="false" MaxLength="200" sap:unicode="false" sap:label="Text" sap:creatable="false"
					sap:updatable="false" sap:sortable="false" sap:filterable="false"/><Property Name="Filetype" Type="Edm.String" Nullable="false" MaxLength="200" sap:unicode="false" sap:label="Text" sap:creatable="false"
					sap:updatable="false" sap:sortable="false" sap:filterable="false"/><Property Name="Zdate" Type="Edm.DateTime" Nullable="false" Precision="7" sap:unicode="false" sap:label="Date" sap:creatable="false"
					sap:updatable="false" sap:sortable="false" sap:filterable="false"/><Property Name="Ztime" Type="Edm.Time" Nullable="false" Precision="0" sap:unicode="false" sap:label="Time" sap:creatable="false"
					sap:updatable="false" sap:sortable="false" sap:filterable="false"/><Property Name="Zuser" Type="Edm.String" Nullable="false" MaxLength="12" sap:unicode="false" sap:label="User Name" sap:creatable="false"
					sap:updatable="false" sap:sortable="false" sap:filterable="false"/></EntityType>
			<EntityType Name="VechileSearchActive" sap:content-version="1">
				<Key><PropertyRef Name="VechileID"/></Key><Property Name="VechileID" Type="Edm.String" Nullable="false" MaxLength="18" sap:unicode="false" sap:label="VechileID" sap:creatable="false"
					sap:updatable="false" sap:sortable="false" sap:filterable="false"/><Property Name="VechilePlate" Type="Edm.String" Nullable="false" MaxLength="18" sap:unicode="false" sap:label="VechilePlate"
					sap:creatable="false" sap:updatable="false" sap:sortable="false" sap:filterable="false"/></EntityType>
			<EntityType Name="FleetUploadRole" sap:content-version="1">
				<Key><PropertyRef Name="User"/></Key><Property Name="User" Type="Edm.String" Nullable="false" MaxLength="12" sap:unicode="false" sap:label="User Name" sap:creatable="false"
					sap:updatable="false" sap:sortable="false" sap:filterable="false"/><Property Name="IsAllowed" Type="Edm.Boolean" Nullable="false" sap:unicode="false" sap:label="Indicator" sap:creatable="false"
					sap:updatable="false" sap:sortable="false" sap:filterable="false"/></EntityType>
			<EntityType Name="FleetReqDocuments" sap:content-version="1">
				<Key><PropertyRef Name="RequestId"/><PropertyRef Name="DocType"/></Key><Property Name="RequestId" Type="Edm.String" Nullable="false" MaxLength="12" sap:unicode="false" sap:label="Req Id" sap:creatable="false"
					sap:updatable="false" sap:sortable="false" sap:filterable="false"/><Property Name="DocType" Type="Edm.String" Nullable="false" MaxLength="4" sap:unicode="false" sap:label="Fleet Document Type"
					sap:creatable="false" sap:updatable="false" sap:sortable="false" sap:filterable="false"/><Property Name="Content" Type="Edm.String" Nullable="false" sap:unicode="false" sap:label="CONTENT" sap:creatable="false"
					sap:updatable="false" sap:sortable="false" sap:filterable="false"/><Property Name="Filename" Type="Edm.String" Nullable="false" MaxLength="200" sap:unicode="false" sap:label="Text" sap:creatable="false"
					sap:updatable="false" sap:sortable="false" sap:filterable="false"/><Property Name="Filetype" Type="Edm.String" Nullable="false" MaxLength="200" sap:unicode="false" sap:label="Text" sap:creatable="false"
					sap:updatable="false" sap:sortable="false" sap:filterable="false"/><Property Name="Zdate" Type="Edm.DateTime" Nullable="false" Precision="7" sap:unicode="false" sap:label="Date" sap:creatable="false"
					sap:updatable="false" sap:sortable="false"/><Property Name="Ztime" Type="Edm.Time" Nullable="false" Precision="0" sap:unicode="false" sap:label="Time" sap:creatable="false"
					sap:updatable="false" sap:sortable="false"/><Property Name="Zuser" Type="Edm.String" Nullable="false" MaxLength="12" sap:unicode="false" sap:label="User Name" sap:creatable="false"
					sap:updatable="false" sap:sortable="false" sap:filterable="false"/><Property Name="AwsFileName" Type="Edm.String" Nullable="false" MaxLength="200" sap:unicode="false" sap:label="AWS File Name"
					sap:creatable="false" sap:updatable="false" sap:sortable="false" sap:filterable="false"/><Property Name="AwsFilePath" Type="Edm.String" Nullable="false" MaxLength="200" sap:unicode="false" sap:label="AWS URL "
					sap:creatable="false" sap:updatable="false" sap:sortable="false" sap:filterable="false"/><Property Name="FleetId" Type="Edm.String" Nullable="false" MaxLength="18" sap:unicode="false" sap:label="Equipment" sap:creatable="false"
					sap:updatable="false" sap:sortable="false" sap:filterable="false"/></EntityType>
			<Association Name="RequestHeaderToItem" sap:content-version="1"><End Type="ZGBC_FLEET_RETURN_SRV.FleetRequestHeader" Multiplicity="1" Role="FromRole_RequestHeaderToItem"/><End Type="ZGBC_FLEET_RETURN_SRV.FleetRequestItem" Multiplicity="*" Role="ToRole_RequestHeaderToItem"/>
				<ReferentialConstraint>
					<Principal Role="FromRole_RequestHeaderToItem"><PropertyRef Name="RequestId"/></Principal>
					<Dependent Role="ToRole_RequestHeaderToItem"><PropertyRef Name="RequestId"/></Dependent>
				</ReferentialConstraint>
			</Association>
			<EntityContainer Name="ZGBC_FLEET_RETURN_SRV_Entities" m:IsDefaultEntityContainer="true" sap:supported-formats="atom json xlsx"><EntitySet Name="empDetailsSet" EntityType="ZGBC_FLEET_RETURN_SRV.empDetails" sap:creatable="false" sap:updatable="false"
				sap:deletable="false" sap:pageable="false" sap:addressable="false" sap:content-version="1"/><EntitySet Name="transferCreateSet" EntityType="ZGBC_FLEET_RETURN_SRV.transferCreate" sap:creatable="false" sap:updatable="false"
				sap:deletable="false" sap:pageable="false" sap:content-version="1"/><EntitySet Name="checkListPostSet" EntityType="ZGBC_FLEET_RETURN_SRV.checkListPost" sap:creatable="false" sap:updatable="false"
				sap:deletable="false" sap:searchable="true" sap:pageable="false" sap:content-version="1"/><EntitySet Name="UpdateDigitialSignSet" EntityType="ZGBC_FLEET_RETURN_SRV.UpdateDigitialSign" sap:creatable="false" sap:updatable="false"
				sap:deletable="false" sap:pageable="false" sap:addressable="false" sap:content-version="1"/><EntitySet Name="FleetRequestSet" EntityType="ZGBC_FLEET_RETURN_SRV.FleetRequest" sap:creatable="false" sap:updatable="false"
				sap:deletable="false" sap:pageable="false" sap:content-version="1"/><EntitySet Name="transferRequestDownloadSet" EntityType="ZGBC_FLEET_RETURN_SRV.transferRequestDownload" sap:creatable="false"
				sap:updatable="false" sap:deletable="false" sap:pageable="false" sap:content-version="1"/><EntitySet Name="updatePenalitySet" EntityType="ZGBC_FLEET_RETURN_SRV.updatePenality" sap:creatable="false" sap:updatable="false"
				sap:deletable="false" sap:pageable="false" sap:addressable="false" sap:content-version="1"/><EntitySet Name="VehicleDetailsSet" EntityType="ZGBC_FLEET_RETURN_SRV.VehicleDetails" sap:creatable="false" sap:updatable="false"
				sap:deletable="false" sap:pageable="false" sap:addressable="false" sap:content-version="1"/><EntitySet Name="VehicleDropDownSet" EntityType="ZGBC_FLEET_RETURN_SRV.VehicleDropDown" sap:creatable="false" sap:updatable="false"
				sap:deletable="false" sap:pageable="false" sap:addressable="false" sap:content-version="1"/><EntitySet Name="VehicleDetails2Set" EntityType="ZGBC_FLEET_RETURN_SRV.VehicleDetails2" sap:creatable="false" sap:updatable="false"
				sap:deletable="false" sap:pageable="false" sap:addressable="false" sap:content-version="1"/><EntitySet Name="VehicleDetails3Set" EntityType="ZGBC_FLEET_RETURN_SRV.VehicleDetails3" sap:creatable="false" sap:updatable="false"
				sap:deletable="false" sap:pageable="false" sap:addressable="false" sap:content-version="1"/><EntitySet Name="VechileSearchSet" EntityType="ZGBC_FLEET_RETURN_SRV.VechileSearch" sap:creatable="false" sap:updatable="false"
				sap:deletable="false" sap:pageable="false" sap:addressable="false" sap:content-version="1"/><EntitySet Name="ApproveSet" EntityType="ZGBC_FLEET_RETURN_SRV.Approve" sap:creatable="false" sap:updatable="false" sap:deletable="false"
				sap:pageable="false" sap:addressable="false" sap:content-version="1"/><EntitySet Name="EmployeeDetailsSet" EntityType="ZGBC_FLEET_RETURN_SRV.EmployeeDetails" sap:creatable="false" sap:updatable="false"
				sap:deletable="false" sap:pageable="false" sap:addressable="false" sap:content-version="1"/><EntitySet Name="FleetRequestHeaderSet" EntityType="ZGBC_FLEET_RETURN_SRV.FleetRequestHeader" sap:creatable="false" sap:updatable="false"
				sap:deletable="false" sap:pageable="false" sap:addressable="false" sap:content-version="1"/><EntitySet Name="FleetRequestItemSet" EntityType="ZGBC_FLEET_RETURN_SRV.FleetRequestItem" sap:creatable="false" sap:updatable="false"
				sap:deletable="false" sap:pageable="false" sap:addressable="false" sap:content-version="1"/><EntitySet Name="WorkitemSet" EntityType="ZGBC_FLEET_RETURN_SRV.Workitem" sap:creatable="false" sap:updatable="false" sap:deletable="false"
				sap:pageable="false" sap:addressable="false" sap:content-version="1"/><EntitySet Name="PlantDropDownSet" EntityType="ZGBC_FLEET_RETURN_SRV.PlantDropDown" sap:creatable="false" sap:updatable="false"
				sap:deletable="false" sap:pageable="false" sap:addressable="false" sap:content-version="1"/><EntitySet Name="LocationDropDownSet" EntityType="ZGBC_FLEET_RETURN_SRV.LocationDropDown" sap:creatable="false" sap:updatable="false"
				sap:deletable="false" sap:pageable="false" sap:addressable="false" sap:content-version="1"/><EntitySet Name="SubmitFLCSet" EntityType="ZGBC_FLEET_RETURN_SRV.SubmitFLC" sap:creatable="false" sap:updatable="false"
				sap:deletable="false" sap:pageable="false" sap:addressable="false" sap:content-version="1"/><EntitySet Name="FleetDocumentsSet" EntityType="ZGBC_FLEET_RETURN_SRV.FleetDocuments" sap:creatable="false" sap:updatable="false"
				sap:deletable="false" sap:pageable="false" sap:content-version="1"/><EntitySet Name="VechileSearchActiveSet" EntityType="ZGBC_FLEET_RETURN_SRV.VechileSearchActive" sap:creatable="false" sap:updatable="false"
				sap:deletable="false" sap:pageable="false" sap:addressable="false" sap:content-version="1"/><EntitySet Name="FleetUploadRoleSet" EntityType="ZGBC_FLEET_RETURN_SRV.FleetUploadRole" sap:creatable="false" sap:updatable="false"
				sap:deletable="false" sap:pageable="false" sap:content-version="1"/><EntitySet Name="FleetReqDocumentsSet" EntityType="ZGBC_FLEET_RETURN_SRV.FleetReqDocuments" sap:creatable="false" sap:updatable="false"
				sap:deletable="false" sap:pageable="false" sap:content-version="1"/>
				<AssociationSet Name="RequestHeaderToItemSet" Association="ZGBC_FLEET_RETURN_SRV.RequestHeaderToItem" sap:creatable="false"
					sap:updatable="false" sap:deletable="false" sap:content-version="1"><End EntitySet="FleetRequestHeaderSet" Role="FromRole_RequestHeaderToItem"/><End EntitySet="FleetRequestItemSet" Role="ToRole_RequestHeaderToItem"/></AssociationSet>
			</EntityContainer><atom:link xmlns:atom="http://www.w3.org/2005/Atom" rel="self" href="./sap/ZGBC_FLEET_RETURN_SRV/$metadata"/><atom:link xmlns:atom="http://www.w3.org/2005/Atom" rel="latest-version" href="./sap/ZGBC_FLEET_RETURN_SRV/$metadata"/></Schema>
	</edmx:DataServices>
</edmx:Edmx>